Accession,Name,Species,type,GPS-2,GPS-1,GPS+1,H1.start,H1.anchor,H1.end,H2.start,H2.anchor,H2.end,H3.start,H3.anchor,H3.end,H4.start,H4.anchor,H4.end,H5.start,H5.anchor,H5.end,H6.start,H6.anchor,H6.end,S1.start,S1.anchor,S1.end,S2.start,S2.anchor,S2.end,S3.start,S3.anchor,S3.end,S4.start,S4.anchor,S4.end,S5.start,S5.anchor,S5.end,S6.start,S6.anchor,S6.end,S7.start,S7.anchor,S7.end,S8.start,S8.anchor,S8.end,S9.start,S9.anchor,S9.end,S10.start,S10.anchor,S10.end,S11.start,S11.anchor,S11.end,S12.start,S12.anchor,S12.end,S13.start,S13.anchor,S13.end,H1.E1.start,H1.E1.anchor,H1.E1.end,H1.F4.start,H1.F4.anchor,H1.F4.end
Q9HCU4,CELR2_HUMANCadherinEGFLAGsevenpassGtypereceptor2,Homo_sapiens,C2,2355,2356,2357,2028,2039,2042,2049,2059,2065,2071,2073,2089,2103,2116,2116,2118,2124,2130,2132,2142,2154,2160,2160,2163,2167,2169,2175,2182,2184,2184,2201,2204,2204,2244,2252,2252,2276,2278,2278,2282,2282,2289,2297,2302,2307,2318,2322,2323,2333,2334,2335,2339,2339,2344,2348,2353,2355,2358,2362,2364,,,,,,
Q9NYQ6,CELR1_HUMANCadherinEGFLAGsevenpassGtypereceptor1,Homo_sapiens,C1,2447,2448,2449,2107,2118,2121,2128,2138,2144,2150,2152,2168,2182,2195,2195,2197,2203,2209,2211,2221,2234,2239,2239,2242,2246,2248,2254,2261,2263,2263,2280,2283,2283,2336,2344,2344,2368,2370,2370,2374,2374,2381,2394,2394,2399,2410,2414,2415,2425,2426,2427,2431,2431,2436,2440,2445,2445,2450,2454,2456,,,,,,
Q9NYQ7,CELR3_HUMANCadherinEGFLAGsevenpassGtypereceptor3,Homo_sapiens,C3,2516,2517,2518,2181,2192,2195,2202,2212,2218,2224,2226,2243,2256,2269,2269,2271,2277,2282,2291,2299,2308,2317,2317,2320,2324,2326,2330,2340,2343,2343,2362,2365,2366,2406,2413,2413,2437,2439,2439,2443,2443,2450,2458,2463,2468,2479,2483,2484,2494,2495,2496,2500,2500,2506,2509,2514,2516,2518,2523,2525,,,,,,
Q8IZF5,ADGRF3_HUMANADGRF3,Homo_sapiens,F3,751,752,753,481,492,495,500,511,517,521,523,541,547,561,562,567,569,575,578,588,592,601,601,605,608,610,615,623,625,627,633,637,637,652,659,660,,,,684,685,692,695,702,705,712,718,719,728,729,730,734,734,738,745,749,751,754,758,760,,,,,,
O14514,ADGRB1_HUMANADGRB1,Homo_sapiens,B1,925,926,927,637,637,655,662,669,675,680,682,698,706,720,720,722,728,734,737,746,755,761,762,765,769,771,777,784,786,786,804,807,807,824,832,832,846,848,848,852,852,858,868,868,873,879,887,887,904,904,905,909,909,915,918,923,923,928,932,935,,,,,,
O60241,ADGRB2_HUMANADGRB2,Homo_sapiens,B2,910,911,912,590,590,604,608,622,628,633,635,653,659,673,673,675,681,686,690,699,708,713,715,718,722,724,730,738,740,740,758,761,761,813,821,821,836,837,837,841,841,847,858,858,863,870,877,877,889,889,890,894,894,900,903,908,908,913,917,919,,,,,,
O60242,ADGRB3_HUMANADGRB3,Homo_sapiens,B3,855,856,857,570,570,584,588,602,608,613,615,633,639,653,653,655,661,666,670,679,688,693,695,698,702,704,710,718,719,720,738,741,741,759,767,767,781,783,783,787,787,793,803,803,808,815,822,823,833,834,835,839,839,844,848,853,853,858,862,864,,,,,,
O94910,ADGRL1_HUMANADGRL1,Homo_sapiens,L1,838,839,840,536,544,547,551,558,562,568,570,591,600,629,629,631,637,639,642,657,665,671,673,677,680,682,688,696,698,698,708,711,711,724,732,732,760,764,764,768,768,773,780,786,791,798,806,808,815,817,818,822,822,827,831,836,839,841,845,849,,,,,,
O95490,ADGRL2_HUMANADGRL2,Homo_sapiens,L2,824,825,826,525,533,536,540,547,552,557,559,580,589,618,618,620,626,628,631,646,654,661,662,665,669,671,677,685,687,687,697,700,700,713,721,721,746,750,750,754,754,759,766,772,777,784,792,794,801,803,804,808,808,813,817,822,825,827,831,835,,,,,,
Q86SQ4,ADGRG6_HUMANADGRG6,Homo_sapiens,G6,839,840,841,,,,584,591,595,603,605,619,625,639,639,643,646,648,649,661,663,671,672,675,679,681,685,695,696,699,,,,743,749,749,764,765,767,768,769,774,786,786,791,802,806,807,816,817,818,822,822,824,832,837,837,842,846,847,,,,,,
Q8IZF2,ADGRF5_HUMANADGRF5,Homo_sapiens,F5,989,990,991,723,734,736,740,752,764,767,769,781,789,803,803,805,811,816,821,830,835,,,,851,853,858,866,868,872,877,883,883,895,902,902,,,,923,923,928,938,938,943,952,957,958,967,968,969,973,973,977,982,987,987,992,996,997,,,,,,
Q8IZF6,ADGRG4_HUMANADGRG4,Homo_sapiens,G4,2721,2722,2723,,,,2468,2476,2482,2488,2490,2502,2509,2523,2526,,,,2536,2545,2550,2557,2558,2562,2565,2567,2571,2579,2581,2585,2606,2610,2610,2625,2631,2631,2644,2646,2646,2650,2650,2655,2668,2668,2673,2684,2689,2690,2699,2700,2701,2705,2705,2710,2714,2719,2719,2724,2728,2730,,,,,,
Q8WXG9,ADGRV1_HUMANADGRV1,Homo_sapiens,V1,5889,5890,5891,5623,5634,5636,5641,5651,5655,5661,5663,5680,5685,5699,5699,,,,5710,5717,5723,,,,5746,5748,5753,5761,5763,5764,5770,5773,5773,5793,5800,5800,,,,5819,5819,5824,5838,5838,5843,5849,5859,5860,5865,5866,5867,5873,5873,5878,5882,5887,5887,5892,5896,5899,,,,,,
Q9HAR2,ADGRL3_HUMANADGRL3,Homo_sapiens,L3,841,842,843,554,562,565,569,576,580,586,588,608,612,634,634,636,642,644,647,662,670,676,678,681,685,687,693,701,703,703,712,715,715,728,736,736,761,765,765,769,769,774,782,788,793,801,809,812,817,820,821,825,825,830,834,839,842,844,848,852,,,,,,
Q8IZF4,ADGRG5_HUMANADGRG5,Homo_sapiens,G5,225,226,227,,,,,,,,,,3,34,36,,,,42,50,58,65,66,69,73,75,80,87,89,90,109,113,113,129,136,136,,,,149,154,160,172,172,177,185,192,193,203,204,205,209,209,215,218,223,223,228,232,235,,,,,,
Q5T601,ADGRF1_HUMANADGRF1,Homo_sapiens,F1,565,566,567,302,313,313,320,330,336,342,344,362,368,382,382,384,390,396,399,409,413,422,422,425,429,431,435,445,447,451,460,466,466,478,484,484,500,501,501,505,505,510,518,518,523,533,537,538,543,544,545,549,549,554,558,563,563,568,572,573,,,,,,
Q86Y34,ADGRG3_HUMANADGRG3,Homo_sapiens,G3,249,250,251,,,,,,,,,,42,52,54,,,,65,73,80,,,,93,95,101,108,110,111,131,134,134,148,156,157,,,,176,181,187,199,199,204,212,219,220,228,229,230,234,234,239,242,247,247,252,256,259,,,,,,
Q96K78,ADGRG7_HUMANADGRG7,Homo_sapiens,G7,414,415,416,143,149,151,157,164,167,176,178,194,198,212,212,216,219,224,228,239,243,,,,255,257,261,272,275,278,305,311,313,320,326,326,,,,347,347,352,361,363,367,376,386,387,392,393,394,398,398,401,408,412,412,417,421,426,,,,,,
Q9HBW9,ADGRL4_HUMANADGRL4,Homo_sapiens,L4,406,407,408,120,131,136,140,147,150,157,159,173,,,,205,211,212,216,231,239,245,247,250,254,256,262,272,272,275,278,282,286,295,303,303,331,332,342,344,336,344,349,354,359,368,374,376,383,385,386,390,390,395,399,404,404,409,413,415,,,,,,
Q7Z7M1,ADGRD2_HUMANADGRD2,Homo_sapiens,D2,636,637,638,,,,404,414,420,427,429,444,455,471,471,473,479,486,489,497,503,,,,514,516,520,,,,,,,527,533,533,564,569,569,573,573,580,589,589,594,,,,,,,620,620,625,629,634,634,643,643,647,,,,,,
Q8IZF7,ADGRF2_HUMANADGRF2,Homo_sapiens,F2,425,426,431,,,,196,198,204,209,211,224,,,,232,254,256,261,271,276,284,284,288,291,293,298,305,307,312,319,326,326,338,345,345,361,362,362,366,366,370,378,378,383,393,398,399,404,405,406,410,410,415,419,424,424,430,436,437,,,,183,186,190
Q8IZF3,ADGRF4_HUMANADGRF4,Homo_sapiens,F4,380,381,386,,,,145,147,153,158,160,175,,,,181,203,205,210,220,225,232,233,238,241,243,248,255,257,261,270,276,276,289,296,296,315,317,317,321,321,325,332,333,338,348,353,354,359,360,361,365,365,371,374,379,380,385,391,393,,,,132,135,139
Q8IZP9,ADGRG2_HUMANADGRG2,Homo_sapiens,G2,606,607,608,,,,,,,375,377,390,396,410,410,414,417,418,420,429,434,441,442,446,449,451,455,464,466,469,486,492,492,510,516,516,530,532,532,536,536,541,553,553,558,568,574,575,584,585,586,590,590,596,599,604,604,609,613,615,,,,,,
Q8IWK6,ADGRA3_HUMANADGRA3,Homo_sapiens,A3,736,737,738,419,422,429,436,444,453,457,459,472,480,494,494,498,501,508,510,519,528,532,533,536,540,542,548,555,557,562,605,613,613,633,641,641,663,665,665,669,669,675,686,686,691,697,704,705,714,715,716,720,720,725,729,734,734,739,743,745,,,,,,
P48960,ADGRE5_HUMANADGRE5,Homo_sapiens,E5,530,531,532,,,,,,,274,275,292,295,310,311,,,,321,336,344,351,351,354,360,361,366,372,375,375,380,384,385,398,405,405,437,442,442,446,446,451,463,463,468,492,499,502,506,509,510,514,514,520,523,528,528,533,537,542,,,,,,
Q9Y653,ADGRG1_HUMANADGRG1,Homo_sapiens,G1,381,382,383,,,,,,,,,,176,186,195,,,,205,213,218,225,226,230,233,235,239,249,251,252,262,269,269,287,293,293,,,,306,311,317,329,329,335,342,349,351,359,361,362,366,366,371,374,379,379,384,388,391,,,,,,
Q6QNK2,ADGRD1_HUMANADGRD1,Homo_sapiens,D1,544,545,546,,,,277,288,289,,,,315,333,333,337,341,343,345,356,365,373,375,379,382,384,389,398,401,401,408,411,412,422,429,429,457,459,459,,,,484,484,489,505,514,515,522,523,524,528,528,534,537,542,542,547,551,556,,,,,,
Q9BY15,ADGRE3_HUMANADGRE3,Homo_sapiens,E3,338,339,340,,,,,,,,,,,,,,,,155,170,179,185,186,189,193,195,200,210,213,215,218,222,223,236,243,243,263,266,266,270,270,276,287,287,292,302,308,311,314,317,318,322,322,327,331,336,336,341,345,348,,,,,,
Q96PE1,ADGRA2_HUMANADGRA2,Homo_sapiens,A2,745,746,747,422,425,432,439,447,456,460,462,475,477,495,495,499,502,509,511,520,526,533,534,537,541,543,548,556,558,563,613,621,621,641,648,648,672,674,674,678,678,684,695,695,700,705,713,714,723,724,725,729,729,734,738,743,743,748,752,755,,,,,,
Q9UHX3,ADGRE2_HUMANADGRE2,Homo_sapiens,E2,517,518,519,,,,,,,277,278,292,295,313,314,,,,324,339,347,352,354,357,363,364,369,375,378,380,383,387,388,401,408,408,444,445,445,449,449,454,466,466,471,479,486,488,494,496,497,501,501,506,510,515,515,520,524,527,,,,,,
Q14246,ADGRE1_HUMANADGRE1,Homo_sapiens,E1,584,585,586,,,,,,,345,349,366,374,388,393,,,,396,411,419,,,,434,436,441,451,454,456,459,463,464,477,484,484,509,512,512,516,516,521,533,533,538,547,554,555,562,563,564,568,568,573,577,582,582,587,591,594,332,332,336,,,
