Receptor,Accession,GPS-2,GPS-1,GPS+1,H1.start,H1.anchor,H1.end,H2.start,H2.anchor,H2.end,H3.start,H3.anchor,H3.end,H4.start,H4.anchor,H4.end,H5.start,H5.anchor,H5.end,H6.start,H6.anchor,H6.end,H7.start,H7.anchor,H7.end,H8.start,H8.anchor,H8.end,S1.start,S1.anchor,S1.end,S10.start,S10.anchor,S10.end,S11.start,S11.anchor,S11.end,S12.start,S12.anchor,S12.end,S13.start,S13.anchor,S13.end,S2.start,S2.anchor,S2.end,S3.start,S3.anchor,S3.end,S4.start,S4.anchor,S4.end,S5.start,S5.anchor,S5.end,S6.start,S6.anchor,S6.end,S7.start,S7.anchor,S7.end,S8.start,S8.anchor,S8.end,S9.start,S9.anchor,S9.end
CELSR2,Q9HCU4,2354,2355,2356,,,,2028,2039,2041,2049,2058,2064,2071,2080,2089,2104,2108,2115,2118,2119,2129,,,,2132,2136,2154,2160,2160,2163,2333,2333,2335,2339,2339,2344,2348,2350,2355,2358,2361,2364,2167,2167,2175,,,,2201,2201,2204,2244,2245,2252,,,,2282,2282,2289,2297,2301,2307,2318,2318,2323
CELSR1,Q9NYQ6,2446,2447,2448,,,,2107,2118,2120,2128,2137,2143,2150,2159,2168,2183,2187,2194,2197,2198,2208,,,,2211,2215,2234,2239,2239,2242,2425,2425,2427,2431,2431,2436,2440,2442,2445,2450,2453,2456,2246,2246,2254,,,,2280,2280,2283,2336,2337,2344,,,,2374,2374,2381,2394,2394,2399,2410,2410,2415
CELSR3,Q9NYQ7,2515,2516,2517,,,,2181,2192,2194,2202,2211,2217,2224,2233,2242,2257,2261,2268,2271,2272,2282,,,,2291,2293,2307,2317,2317,2320,2494,2494,2496,2500,2500,2506,2509,2511,2515,2517,2522,2525,2324,2324,2330,,,,2362,2362,2366,2406,2406,2413,,,,2443,2443,2450,2458,2462,2468,2479,2479,2484
AGRF3,Q8IZF5,750,751,752,,,,481,491,495,500,510,516,521,533,540,547,553,561,,,,568,571,575,579,582,591,601,603,605,728,728,730,734,734,738,745,746,751,754,757,760,608,608,615,623,625,627,633,634,637,652,653,660,,,,684,684,692,695,701,705,712,714,719
AGRB1,O14514,924,925,926,637,641,654,,,,662,668,674,680,689,698,706,712,719,722,723,734,,,,737,740,754,761,765,765,904,904,905,909,909,915,918,920,923,928,931,935,769,769,777,784,784,786,804,804,807,824,825,832,846,846,848,852,852,858,868,868,873,879,883,887
AGRB2,O60241,909,910,911,590,594,604,,,,608,621,628,633,642,652,659,665,672,675,676,686,,,,690,693,708,713,718,718,889,889,890,894,894,900,903,905,908,913,916,919,722,722,730,738,738,740,758,758,761,813,814,821,,,,841,841,847,,,,870,873,877
AGRB3,O60242,854,855,856,570,574,584,,,,588,601,608,613,622,632,639,645,652,655,656,666,,,,670,673,687,693,698,698,833,833,835,839,839,844,848,850,853,858,861,864,702,702,710,718,718,720,738,738,741,759,760,767,781,781,783,787,787,793,,,,815,818,823
AGRL1,O94910,836,837,838,,,,536,543,547,551,556,561,568,576,591,600,620,628,631,631,639,,,,642,650,665,,,,815,815,818,,,,831,832,838,840,843,849,671,677,677,696,696,698,708,708,711,724,725,732,760,760,764,,,,780,784,791,798,801,808
AGRL2,O95490,822,823,824,,,,525,532,536,540,545,552,557,565,580,589,609,617,620,620,627,,,,631,639,654,,,,801,801,804,,,,817,818,824,826,829,835,,,,685,685,687,697,697,700,713,714,721,746,746,750,,,,766,770,777,784,787,794
AGRG6,Q86SQ4,838,839,840,,,,,,,584,590,594,603,612,619,625,631,639,,,,,,,643,652,662,671,672,675,816,816,818,822,822,824,832,834,837,842,845,847,679,679,685,695,695,699,721,722,724,735,739,739,,,,764,768,774,786,786,791,802,802,807
AGRF5,Q8IZF2,988,989,990,,,,724,734,736,741,751,764,767,776,781,789,795,802,805,806,816,,,,821,824,834,,,,967,967,969,973,973,977,982,984,987,992,995,997,851,851,858,866,868,872,877,880,883,895,896,902,,,,923,923,928,938,938,943,952,953,958
AGRG4,Q8IZF6,2719,2720,2721,2456,2457,2459,,,,2469,2474,2482,2488,2496,2502,2509,2514,2525,,,,,,,2537,2538,2549,,,,2699,2699,2701,,,,2714,2715,2719,2724,2726,2730,2557,2562,2562,2579,2579,2585,2606,2606,2610,,,,,,,,,,,,,2684,2684,2690
AGRV1,Q8WXG9,5888,5889,5890,,,,,,,5623,5627,5635,5641,5651,5654,5661,5667,5680,,,,5685,5697,5698,5710,5711,5723,,,,5865,5865,5867,5873,5873,5878,5882,5884,5887,5892,5895,5899,,,,5746,5746,5753,5770,5770,5773,5793,5794,5800,,,,5819,5819,5824,,,,5849,5855,5860
AGRL3,Q9HAR2,839,840,841,,,,554,561,565,569,574,580,586,594,608,612,625,633,636,636,644,,,,647,655,670,,,,817,818,821,,,,834,835,841,843,846,852,,,,701,701,703,712,712,715,728,729,736,761,761,765,,,,782,786,793,801,804,812
AGRG5,Q8IZF4,224,225,226,,,,,,,,,,4,30,35,,,,,,,,,,41,48,56,64,66,68,202,203,204,208,208,214,217,220,222,227,231,234,72,72,79,,,,108,110,112,128,130,135,,,,148,154,159,171,171,176,184,188,192
AGRF1,Q5T601,564,565,566,,,,302,312,313,320,325,336,342,351,361,368,374,381,384,385,396,,,,400,403,413,,,,543,543,545,549,549,554,558,560,563,568,571,573,417,419,419,429,434,435,,,,,,,,,,505,505,510,518,518,523,533,533,538
AGRG3,Q86Y34,247,248,249,,,,,,,,,,,,,,,,42,54,54,,,,,,,87,89,90,228,228,230,,,,242,243,247,252,254,259,93,101,101,119,119,121,131,131,134,148,151,157,,,,176,180,187,,,,212,214,220
AGRG7,Q96K78,413,414,415,,,,143,149,151,157,165,167,176,189,194,198,204,212,,,,216,222,224,229,233,242,,,,392,392,394,398,398,401,408,409,412,417,420,426,255,255,261,,,,305,308,313,320,320,326,,,,347,347,352,361,362,367,376,382,387
AGRL4,Q9HBW9,404,405,406,,,,120,125,136,140,145,149,157,165,173,184,194,201,205,205,212,,,,216,224,239,,,,383,383,386,,,,399,400,404,409,411,415,,,,266,267,268,278,278,286,295,296,303,,,,331,334,344,349,352,359,368,369,376
AGRD2,Q7Z7M1,634,635,636,,,,,,,404,409,419,427,435,444,456,462,470,473,473,484,,,,489,490,503,,,,,,,,,,629,630,634,639,640,640,514,519,520,,,,,,,527,527,533,564,564,569,,,,583,583,585,,,
AGRF2,Q8IZF7,427,428,429,,,,,,,,,,209,217,223,232,237,244,248,248,256,,,,262,264,275,,,,404,404,406,,,,419,420,424,430,434,437,284,284,288,305,307,312,319,322,326,338,339,345,,,,,,,,,,393,393,399
AGRF4,Q8IZF3,382,383,384,,,,,,,,,,158,166,173,181,186,193,197,197,205,,,,211,213,224,,,,359,359,361,362,363,364,374,375,380,385,389,393,232,233,238,255,257,261,270,272,276,289,290,296,315,315,317,,,,332,332,338,348,348,354
AGRG2,Q8IZP9,604,605,606,,,,,,,,,,375,383,390,396,401,410,,,,414,415,418,421,422,433,441,441,446,584,584,586,,,,599,600,604,609,611,615,,,,464,464,469,486,488,492,502,505,506,,,,,,,,,,568,569,575
AGRA3,Q8IWK6,735,736,737,419,419,428,,,,437,443,453,457,466,472,480,485,494,498,498,507,,,,510,513,527,532,533,536,714,714,716,720,720,725,729,731,734,739,742,745,540,540,548,587,587,592,605,610,613,633,635,641,,,,669,669,675,686,686,691,697,700,705
AGRE5,P48960,528,529,530,,,,,,,274,281,292,295,297,311,,,,,,,315,317,318,321,329,344,351,351,354,506,507,510,,,,523,524,528,533,535,542,360,360,366,,,,380,380,385,398,398,405,437,437,442,,,,,,,492,494,502
AGRG1,Q9Y653,380,381,382,,,,,,,,,,176,182,195,,,,,,,,,,205,208,217,225,226,230,359,360,362,366,366,371,374,376,379,384,387,391,233,233,239,249,249,252,262,266,269,287,287,293,,,,306,311,317,329,329,335,342,345,351
AGRD1,Q6QNK2,542,543,544,,,,,,,,,,294,302,306,315,324,333,,,,338,339,342,344,349,364,,,,522,522,524,,,,537,538,542,547,549,556,373,377,379,382,386,389,408,408,412,422,422,429,,,,,,,,,,505,509,515
AGRE3,Q9BY15,336,337,338,,,,,,,,,,,,,,,,129,144,144,147,151,151,155,163,179,185,187,189,314,315,318,,,,331,332,336,341,343,348,,,,210,212,215,218,218,223,236,236,243,,,,,,,,,,302,303,311
AGRA2,Q96PE1,744,745,746,,,,422,432,432,440,446,456,460,469,474,480,486,495,499,499,508,,,,511,514,526,533,534,537,723,723,725,729,729,734,738,740,743,748,751,755,541,541,548,592,592,598,613,618,621,641,642,648,,,,678,678,684,695,695,700,705,709,714
AGRE2,Q9UHX3,515,516,517,,,,,,,277,284,291,295,300,314,,,,,,,318,320,321,324,332,347,352,353,357,494,494,497,,,,510,511,515,520,522,527,363,363,369,,,,383,383,388,401,401,408,,,,,,,,,,479,481,488
AGRE1,Q14246,582,583,584,,,,,,,,,,345,359,365,,,,381,385,385,387,392,393,396,404,419,428,428,430,562,562,564,,,,577,578,582,587,589,594,,,,451,453,456,459,459,464,477,477,484,,,,,,,,,,547,549,555
